Index,0 [STRING] [0x0],1 [UINT] [0x4],2 [UINT] [0x8],3 [UBYTE] [0x18],4 [UBYTE] [0x19],5 [INT] [0xC],6 [INT] [0x10],7 [INT] [0x14],8 [BBOOL] [0x1A]
262144,"",0,0,0,0,0,0,0,false
262145,"",0,0,0,0,0,0,0,false
262151,"道具交易",0,0,0,0,0,0,0,true
262152,"拉拉菲尔服装交易",0,0,0,0,0,0,0,true
262153,"鲁加服装交易",0,0,0,0,0,0,0,true
262154,"精灵服装交易",0,0,0,0,0,0,0,true
262155,"人族服装交易",0,0,0,0,0,0,0,true
262156,"猫魅服装交易",0,0,0,0,0,0,0,true
262157,"",0,0,0,0,0,0,0,true
262158,"道具交易",0,0,0,0,0,0,0,true
262159,"拉拉菲尔服装交易",0,0,0,0,0,0,0,true
262160,"鲁加服装交易",0,0,0,0,0,0,0,true
262161,"精灵服装交易",0,0,0,0,0,0,0,true
262162,"人族服装交易",0,0,0,0,0,0,0,true
262163,"猫魅服装交易",0,0,0,0,0,0,0,true
262164,"道具交易",0,0,0,0,0,0,0,true
262165,"拉拉菲尔服装交易",0,0,0,0,0,0,0,true
262166,"鲁加服装交易",0,0,0,0,0,0,0,true
262167,"精灵服装交易",0,0,0,0,0,0,0,true
262168,"人族服装交易",0,0,0,0,0,0,0,true
262169,"猫魅服装交易",0,0,0,0,0,0,0,true
262170,"",0,0,0,0,0,0,0,true
262171,"",0,0,0,0,0,0,0,true
262172,"",0,0,0,0,0,0,0,true
262173,"",0,0,0,0,0,0,0,true
262174,"",0,0,0,0,0,0,0,true
262175,"",0,0,0,0,0,0,0,true
262176,"",0,0,0,0,0,0,0,true
262177,"",0,0,0,0,0,0,0,true
262178,"战斗饰品交易",0,0,0,0,0,0,0,true
262179,"作业饰品交易",0,0,0,0,0,0,0,true
262180,"",0,0,0,0,0,0,0,true
262181,"道具交易",0,0,0,0,0,0,0,true
262182,"",0,0,0,0,0,0,0,true
262183,"工具交易",0,0,0,0,0,0,0,true
262184,"武器交易",0,0,0,0,0,0,0,true
262185,"",0,0,0,0,0,0,0,true
262186,"战斗防具交易",0,0,0,0,0,0,0,true
262187,"作业防具交易",0,0,0,0,0,0,0,true
262188,"战斗饰品交易",0,0,0,0,0,0,0,true
262189,"作业饰品交易",0,0,0,0,0,0,0,true
262190,"",0,0,0,0,0,0,0,true
262191,"道具交易",0,0,0,0,0,0,0,true
262192,"",0,0,0,0,0,0,0,true
262193,"工具交易",0,0,0,0,0,0,0,true
262194,"武器交易",0,0,0,0,0,0,0,true
262195,"战斗防具交易",0,0,0,0,0,0,0,true
262196,"作业防具交易",0,0,0,0,0,0,0,true
262197,"",0,0,0,0,0,0,0,true
262198,"战斗饰品交易",0,0,0,0,0,0,0,true
262199,"作业饰品交易",0,0,0,0,0,0,0,true
262200,"",0,0,0,0,0,0,0,true
262201,"道具交易",0,0,0,0,0,0,0,true
262202,"",0,0,0,0,0,0,0,true
262203,"工具交易",0,0,0,0,0,0,0,true
262204,"武器交易",0,0,0,0,0,0,0,true
262205,"战斗防具交易",0,0,0,0,0,0,0,true
262206,"作业防具交易",0,0,0,0,0,0,0,true
262207,"",0,0,0,0,0,0,0,true
262208,"",0,0,0,0,0,0,0,true
262209,"武器交易",0,0,0,0,0,0,0,true
262210,"",0,0,0,0,0,0,0,true
262211,"",0,0,0,0,0,0,0,true
262212,"战斗饰品交易",0,0,0,0,0,0,0,true
262213,"战斗防具交易",0,0,0,0,0,0,0,true
262214,"作业防具交易",0,0,0,0,0,0,0,true
262215,"武器交易",0,0,0,0,0,0,0,true
262216,"工具交易",0,0,0,0,0,0,0,true
262217,"武器交易",0,0,0,0,0,0,0,true
262218,"战斗防具交易",0,0,0,0,0,0,0,true
262219,"作业防具交易",0,0,0,0,0,0,0,true
262221,"工具交易",0,0,0,0,0,0,0,true
262222,"武器交易",0,0,0,0,0,0,0,true
262223,"战斗防具交易",0,0,0,0,0,0,0,true
262224,"作业防具交易",0,0,0,0,0,0,0,true
262225,"工具交易",0,0,0,0,0,0,0,true
262226,"武器交易",0,0,0,0,0,0,0,true
262227,"战斗防具交易",0,0,0,0,0,0,0,true
262228,"作业防具交易",0,0,0,0,0,0,0,true
262229,"工具交易",0,0,0,0,0,0,0,true
262230,"武器交易",0,0,0,0,0,0,0,true
262231,"战斗防具交易",0,0,0,0,0,0,0,true
262232,"作业防具交易",0,0,0,0,0,0,0,true
262233,"工具交易",0,0,0,0,0,0,0,true
262234,"武器交易",0,0,0,0,0,0,0,true
262235,"战斗防具交易",0,0,0,0,0,0,0,true
262236,"作业防具交易",0,0,0,0,0,0,0,true
262237,"工具交易",0,0,0,0,0,0,0,true
262238,"武器交易",0,0,0,0,0,0,0,true
262239,"战斗防具交易",0,0,0,0,0,0,0,true
262240,"作业防具交易",0,0,0,0,0,0,0,true
262241,"工具交易",0,0,0,0,0,0,0,true
262242,"武器交易",0,0,0,0,0,0,0,true
262243,"战斗防具交易",0,0,0,0,0,0,0,true
262244,"作业防具交易",0,0,0,0,0,0,0,true
262245,"工具交易",0,0,0,0,0,0,0,true
262246,"武器交易",0,0,0,0,0,0,0,true
262247,"战斗防具交易",0,0,0,0,0,0,0,true
262248,"作业防具交易",0,0,0,0,0,0,0,true
262249,"工具交易",0,0,0,0,0,0,0,true
262250,"武器交易",0,0,0,0,0,0,0,true
262251,"战斗防具交易",0,0,0,0,0,0,0,true
262252,"作业防具交易",0,0,0,0,0,0,0,true
262253,"工具交易",0,0,0,0,0,0,0,true
262254,"武器交易",0,0,0,0,0,0,0,true
262255,"战斗防具交易",0,0,0,0,0,0,0,true
262256,"作业防具交易",0,0,0,0,0,0,0,true
262257,"",0,0,0,0,0,0,0,true
262258,"工具交易",0,0,0,0,0,0,0,true
262259,"武器交易",0,0,0,0,0,0,0,true
262260,"战斗防具交易",0,0,0,0,0,0,0,true
262261,"作业防具交易",0,0,0,0,0,0,0,true
262262,"工具交易",0,0,0,0,0,0,0,true
262263,"武器交易",0,0,0,0,0,0,0,true
262264,"战斗防具交易",0,0,0,0,0,0,0,true
262265,"作业防具交易",0,0,0,0,0,0,0,true
262266,"工具交易",0,0,0,0,0,0,0,true
262267,"武器交易",0,0,0,0,0,0,0,true
262268,"战斗防具交易",0,0,0,0,0,0,0,true
262269,"作业防具交易",0,0,0,0,0,0,0,true
262270,"武器交易",0,0,0,0,0,0,0,true
262271,"工具交易",0,0,0,0,0,0,0,true
262272,"战斗防具交易",0,0,0,0,0,0,0,true
262273,"作业防具交易",0,0,0,0,0,0,0,true
262274,"工具交易",0,0,0,0,0,0,0,true
262275,"武器交易",0,0,0,0,0,0,0,true
262276,"战斗防具交易",0,0,0,0,0,0,0,true
262277,"作业防具交易",0,0,0,0,0,0,0,true
262278,"武器交易",0,0,0,0,0,0,0,true
262279,"工具交易",0,0,0,0,0,0,0,true
262280,"战斗防具交易",0,0,0,0,0,0,0,true
262281,"作业防具交易",0,0,0,0,0,0,0,true
262282,"工具交易",0,0,0,0,0,0,0,true
262283,"武器交易",0,0,0,0,0,0,0,true
262284,"战斗防具交易",0,0,0,0,0,0,0,true
262285,"作业防具交易",0,0,0,0,0,0,0,true
262286,"武器交易",0,0,0,0,0,0,0,true
262287,"工具交易",0,0,0,0,0,0,0,true
262288,"战斗防具交易",0,0,0,0,0,0,0,true
262289,"作业防具交易",0,0,0,0,0,0,0,true
262290,"工具交易",0,0,0,0,0,0,0,true
262291,"武器交易",0,0,0,0,0,0,0,true
262292,"战斗防具交易",0,0,0,0,0,0,0,true
262293,"作业防具交易",0,0,0,0,0,0,0,true
262294,"工具交易",0,0,0,0,0,0,0,true
262295,"武器交易",0,0,0,0,0,0,0,true
262296,"战斗防具交易",0,0,0,0,0,0,0,true
262297,"作业防具交易",0,0,0,0,0,0,0,true
262298,"工具交易",0,0,0,0,0,0,0,true
262299,"武器交易",0,0,0,0,0,0,0,true
262300,"战斗防具交易",0,0,0,0,0,0,0,true
262301,"作业防具交易",0,0,0,0,0,0,0,true
262302,"工具交易",0,0,0,0,0,0,0,true
262303,"武器交易",0,0,0,0,0,0,0,true
262304,"战斗防具交易",0,0,0,0,0,0,0,true
262305,"作业防具交易",0,0,0,0,0,0,0,true
262306,"工具交易",0,0,0,0,0,0,0,true
262307,"武器交易",0,0,0,0,0,0,0,true
262308,"战斗防具交易",0,0,0,0,0,0,0,true
262309,"作业防具交易",0,0,0,0,0,0,0,true
262310,"工具交易",0,0,0,0,0,0,0,true
262311,"武器交易",0,0,0,0,0,0,0,true
262312,"战斗防具交易",0,0,0,0,0,0,0,true
262313,"作业防具交易",0,0,0,0,0,0,0,true
262314,"工具交易",0,0,0,0,0,0,0,true
262315,"武器交易",0,0,0,0,0,0,0,true
262316,"战斗防具交易",0,0,0,0,0,0,0,true
262317,"作业防具交易",0,0,0,0,0,0,0,true
262318,"工具交易",0,0,0,0,0,0,0,true
262319,"武器交易",0,0,0,0,0,0,0,true
262320,"战斗防具交易",0,0,0,0,0,0,0,true
262321,"作业防具交易",0,0,0,0,0,0,0,true
262322,"工具交易",0,0,0,0,0,0,0,true
262323,"武器交易",0,0,0,0,0,0,0,true
262324,"战斗防具交易",0,0,0,0,0,0,0,true
262325,"作业防具交易",0,0,0,0,0,0,0,true
262326,"工具交易",0,0,0,0,0,0,0,true
262327,"武器交易",0,0,0,0,0,0,0,true
262328,"战斗防具交易",0,0,0,0,0,0,0,true
262329,"作业防具交易",0,0,0,0,0,0,0,true
262330,"工具交易",0,0,0,0,0,0,0,true
262331,"武器交易",0,0,0,0,0,0,0,true
262332,"战斗防具交易",0,0,0,0,0,0,0,true
262333,"作业防具交易",0,0,0,0,0,0,0,true
262334,"工具交易",0,0,0,0,0,0,0,true
262335,"武器交易",0,0,0,0,0,0,0,true
262336,"战斗防具交易",0,0,0,0,0,0,0,true
262337,"作业防具交易",0,0,0,0,0,0,0,true
262338,"工具交易",0,0,0,0,0,0,0,true
262339,"武器交易",0,0,0,0,0,0,0,true
262340,"战斗防具交易",0,0,0,0,0,0,0,true
262341,"作业防具交易",0,0,0,0,0,0,0,true
262342,"工具交易",0,0,0,0,0,0,0,true
262343,"武器交易",0,0,0,0,0,0,0,true
262344,"战斗防具交易",0,0,0,0,0,0,0,true
262345,"作业防具交易",0,0,0,0,0,0,0,true
262346,"武器交易",0,0,0,0,0,0,0,true
262347,"工具交易",0,0,0,0,0,0,0,true
262348,"战斗防具交易",0,0,0,0,0,0,0,true
262349,"作业防具交易",0,0,0,0,0,0,0,true
262350,"",0,0,0,0,0,0,0,true
262351,"工具交易",0,0,0,0,0,0,0,true
262352,"武器交易",0,0,0,0,0,0,0,true
262353,"战斗防具交易",0,0,0,0,0,0,0,true
262354,"作业防具交易",0,0,0,0,0,0,0,true
262355,"工具交易",0,0,0,0,0,0,0,true
262356,"武器交易",0,0,0,0,0,0,0,true
262357,"战斗防具交易",0,0,0,0,0,0,0,true
262358,"作业防具交易",0,0,0,0,0,0,0,true
262359,"工具交易",0,0,0,0,0,0,0,true
262360,"武器交易",0,0,0,0,0,0,0,true
262361,"战斗防具交易",0,0,0,0,0,0,0,true
262362,"作业防具交易",0,0,0,0,0,0,0,true
262363,"工具交易",0,0,0,0,0,0,0,true
262364,"武器交易",0,0,0,0,0,0,0,true
262365,"战斗防具交易",0,0,0,0,0,0,0,true
262366,"作业防具交易",0,0,0,0,0,0,0,true
262367,"工具交易",0,0,0,0,0,0,0,true
262368,"武器交易",0,0,0,0,0,0,0,true
262369,"战斗防具交易",0,0,0,0,0,0,0,true
262370,"作业防具交易",0,0,0,0,0,0,0,true
262371,"工具交易",0,0,0,0,0,0,0,true
262372,"工具交易",0,0,0,0,0,0,0,true
262373,"武器交易",0,0,0,0,0,0,0,true
262374,"战斗防具交易",0,0,0,0,0,0,0,true
262375,"作业防具交易",0,0,0,0,0,0,0,true
262376,"",0,0,0,0,0,0,0,true
262377,"",0,0,0,0,0,0,0,true
262378,"工具交易",0,0,0,0,0,0,0,true
262379,"武器交易",0,0,0,0,0,0,0,true
262380,"战斗防具交易",0,0,0,0,0,0,0,true
262381,"作业防具交易",0,0,0,0,0,0,0,true
262382,"工具交易",0,0,0,0,0,0,0,true
262383,"武器交易",0,0,0,0,0,0,0,true
262384,"战斗防具交易",0,0,0,0,0,0,0,true
262385,"作业防具交易",0,0,0,0,0,0,0,true
262386,"工具交易",0,0,0,0,0,0,0,true
262387,"武器交易",0,0,0,0,0,0,0,true
262388,"战斗防具交易",0,0,0,0,0,0,0,true
262389,"作业防具交易",0,0,0,0,0,0,0,true
262390,"工具交易",0,0,0,0,0,0,0,true
262391,"工具交易",0,0,0,0,0,0,0,true
262392,"工具交易",0,0,0,0,0,0,0,true
262393,"武器交易",0,0,0,0,0,0,0,true
262394,"战斗防具交易",0,0,0,0,0,0,0,true
262395,"作业防具交易",0,0,0,0,0,0,0,true
262396,"工具交易",0,0,0,0,0,0,0,true
262397,"武器交易",0,0,0,0,0,0,0,true
262398,"战斗防具交易",0,0,0,0,0,0,0,true
262399,"作业防具交易",0,0,0,0,0,0,0,true
262400,"工具交易",0,0,0,0,0,0,0,true
262401,"武器交易",0,0,0,0,0,0,0,true
262402,"战斗防具交易",0,0,0,0,0,0,0,true
262403,"作业防具交易",0,0,0,0,0,0,0,true
262404,"",0,0,0,0,0,0,0,true
262405,"",0,0,0,0,0,0,0,true
262406,"",0,0,0,0,0,0,0,true
262407,"",0,0,0,0,0,0,0,true
262408,"武器交易",0,0,0,0,0,0,0,true
262409,"战斗防具交易",0,0,0,0,0,0,0,true
262410,"武器交易",0,0,0,0,0,0,0,true
262411,"战斗防具交易",0,0,0,0,0,0,0,true
262412,"武器交易",0,0,0,0,0,0,0,true
262413,"战斗防具交易",0,0,0,0,0,0,0,true
262414,"",0,0,0,0,0,0,0,true
262415,"",0,0,0,0,0,0,0,true
262419,"道具交易（室外建材、庭具、乐谱）",0,0,0,0,0,0,0,true
262420,"道具交易（室外建材、庭具、乐谱）",0,0,0,0,0,0,0,true
262421,"道具交易（室外建材、庭具、乐谱）",0,0,0,0,0,0,0,true
262422,"道具交易",0,0,0,0,0,0,0,true
262423,"",0,0,0,0,0,0,0,true
262424,"",0,0,0,0,0,0,0,true
262425,"",0,0,0,0,0,0,0,true
262426,"道具交易（中立）",0,0,1,1,0,0,0,true
262427,"道具交易（承认）",0,0,1,2,0,0,0,true
262428,"道具交易（友好）",0,0,1,3,0,0,0,true
262429,"道具交易（信赖）",0,0,1,4,0,0,0,true
262430,"道具交易（中立）",0,0,2,1,0,0,0,true
262431,"道具交易（承认）",0,0,2,2,0,0,0,true
262432,"道具交易（友好）",0,0,2,3,0,0,0,true
262433,"道具交易（信赖）",0,0,2,4,0,0,0,true
262434,"",0,0,0,0,0,0,0,true
262435,"",0,0,0,0,0,0,0,true
262436,"",0,0,0,0,0,0,0,true
262437,"",0,0,0,0,0,0,0,true
262438,"",0,0,0,0,0,0,0,true
262439,"",0,0,0,0,0,0,0,true
262440,"",0,0,0,0,0,0,0,true
262441,"",0,0,0,0,0,0,0,true
262442,"",0,0,0,0,0,0,0,true
262443,"再次购入50级防具（战斗精英）",0,0,0,0,0,0,0,true
262444,"再次购入50级防具（魔法导师）",0,0,0,0,0,0,0,true
262445,"再次购入50级武器、工具",0,0,0,0,0,0,0,true
262446,"再次购入任务报酬",0,0,0,0,0,0,0,true
262449,"再次购入成就报酬1",0,0,0,0,0,0,0,true
262450,"再次购入成就报酬2",0,0,0,0,0,0,0,true
262451,"道具交易（中立）",0,0,3,1,0,0,0,true
262452,"道具交易（承认）",0,0,3,2,0,0,0,true
262453,"道具交易（友好）",0,0,3,3,0,0,0,true
262454,"道具交易（信赖）",0,0,3,4,0,0,0,true
262455,"道具交易（中立）",0,0,4,1,0,0,0,true
262456,"道具交易（承认）",0,0,4,2,0,0,0,true
262457,"道具交易（友好）",0,0,4,3,0,0,0,true
262458,"道具交易（信赖）",0,0,4,4,0,0,0,true
262459,"道具交易（武具投影相关）",0,0,0,0,66958,591289,591288,true
262460,"道具交易",0,0,0,0,0,0,0,true
262461,"道具交易（木材、金属、石材、骨材、皮革）",60412,0,0,0,0,0,0,true
262462,"道具交易（布料、炼金原料）",60412,0,0,0,0,0,0,true
262463,"道具交易（苗圃、染料）",60412,0,0,0,0,0,0,true
262464,"",0,0,0,0,0,0,0,true
262466,"道具交易",0,0,0,0,0,0,0,true
262468,"道具交易（男性）",0,0,0,0,0,0,0,true
262469,"道具交易（女性）",0,0,0,0,0,0,0,true
262470,"道具交易",0,0,0,0,0,0,0,true
262471,"道具交易（触媒）",60412,0,0,0,0,0,0,true
262472,"道具交易（食材）",60412,0,0,0,0,0,0,true
262473,"道具交易（中立～承认）",0,0,5,1,0,0,0,true
262474,"道具交易（中立～承认）",0,0,5,2,0,0,0,true
262475,"道具交易（友好～信赖）",0,0,5,3,0,0,0,true
262476,"道具交易（友好～信赖）",0,0,5,4,0,0,0,true
262477,"道具交易（尊敬～名誉）",0,0,5,5,0,0,0,true
262478,"道具交易（尊敬～名誉）",0,0,5,6,0,0,0,true
262479,"道具交易（誓约）",0,0,5,7,0,0,0,true
262480,"道具交易（盟友）",0,0,5,8,0,0,0,true
262481,"道具交易（盟友）",0,0,1,8,0,0,0,true
262482,"道具交易（盟友）",0,0,2,8,0,0,0,true
262483,"道具交易（盟友）",0,0,3,8,0,0,0,true
262484,"道具交易（盟友）",0,0,4,8,0,0,0,true
262485,"",0,0,0,0,0,0,0,true
262486,"",0,0,0,0,0,0,0,true
262488,"其他防具交易",0,0,0,0,0,0,0,true
262489,"道具交易",0,0,0,0,0,0,0,true
262491,"竞赛陆行鸟交易",0,0,0,0,65972,0,592240,true
262492,"道具交易",0,0,0,0,0,0,0,true
262493,"道具交易",0,0,0,0,0,0,0,true
262494,"道具交易",0,0,0,0,0,0,0,true
262495,"道具交易",0,0,0,0,66035,0,592222,true
262496,"道具交易",0,0,0,0,0,0,0,true
262497,"复制王者之剑·本我",0,0,0,0,0,0,0,true
262498,"复制诸神黄昏斧·本我",0,0,0,0,0,0,0,true
262499,"复制凯撒裂爪·本我",0,0,0,0,0,0,0,true
262500,"复制圣枪朗基努斯·本我",0,0,0,0,0,0,0,true
262501,"复制佐助之刀·本我",0,0,0,0,0,0,0,true
262502,"复制与一之弓·本我",0,0,0,0,0,0,0,true
262503,"复制莉莉丝魔杖·本我",0,0,0,0,0,0,0,true
262504,"复制启示录·本我",0,0,0,0,0,0,0,true
262505,"复制涅槃杖·本我",0,0,0,0,0,0,0,true
262506,"复制最终宝典·本我",0,0,0,0,0,0,0,true
262507,"复制圣盾埃癸斯·本我",0,0,0,0,0,0,0,true
262508,"战斗饰品交易",0,0,0,0,0,0,0,true
262509,"道具交易",0,0,0,0,0,0,0,true
262510,"战斗精英防具交易",0,0,0,0,0,0,0,true
262511,"魔法导师防具交易",0,0,0,0,0,0,0,true
262512,"武器交易",0,0,0,0,0,0,0,true
262513,"道具交易",0,0,0,0,0,0,0,true
262514,"工具交易",0,0,0,0,0,0,0,true
262515,"道具交易",0,0,0,0,0,0,0,true
262516,"道具交易",0,0,0,0,0,0,0,true
262517,"武器交易",0,0,0,0,0,0,0,true
262518,"武器交易",0,0,0,0,0,0,0,true
262519,"工具交易",0,0,0,0,0,0,0,true
262520,"武器交易",0,0,0,0,0,0,0,true
262521,"战斗精英防具交易",0,0,0,0,0,0,0,true
262522,"魔法导师防具交易",0,0,0,0,0,0,0,true
262523,"工具交易",0,0,0,0,0,0,0,true
262524,"武器交易",0,0,0,0,0,0,0,true
262525,"战斗精英防具交易",0,0,0,0,0,0,0,true
262526,"魔法导师防具交易",0,0,0,0,0,0,0,true
262527,"工具交易",0,0,0,0,0,0,0,true
262528,"武器交易",0,0,0,0,0,0,0,true
262529,"战斗精英防具交易",0,0,0,0,0,0,0,true
262530,"魔法导师防具交易",0,0,0,0,0,0,0,true
262531,"工具交易",0,0,0,0,0,0,0,true
262532,"武器交易",0,0,0,0,0,0,0,true
262533,"战斗精英防具交易",0,0,0,0,0,0,0,true
262534,"魔法导师防具交易",0,0,0,0,0,0,0,true
262536,"工具交易",0,0,0,0,0,0,0,true
262537,"武器交易",0,0,0,0,0,0,0,true
262538,"战斗精英防具交易",0,0,0,0,0,0,0,true
262539,"魔法导师防具交易",0,0,0,0,0,0,0,true
262540,"工具交易",0,0,0,0,0,0,0,true
262541,"武器交易",0,0,0,0,0,0,0,true
262542,"战斗精英防具交易",0,0,0,0,0,0,0,true
262543,"魔法导师防具交易",0,0,0,0,0,0,0,true
262544,"制作采集防具交易",0,0,0,0,0,0,0,true
262545,"工具交易",0,0,0,0,0,0,0,true
262546,"武器交易",0,0,0,0,0,0,0,true
262547,"战斗精英防具交易",0,0,0,0,0,0,0,true
262548,"魔法导师防具交易",0,0,0,0,0,0,0,true
262549,"制作采集防具交易",0,0,0,0,0,0,0,true
262550,"工具交易",0,0,0,0,0,0,0,true
262551,"武器交易",0,0,0,0,0,0,0,true
262552,"战斗精英防具交易",0,0,0,0,0,0,0,true
262553,"魔法导师防具交易",0,0,0,0,0,0,0,true
262554,"工具交易",0,0,0,0,0,0,0,true
262555,"武器交易",0,0,0,0,0,0,0,true
262556,"战斗精英防具交易",0,0,0,0,0,0,0,true
262557,"魔法导师防具交易",0,0,0,0,0,0,0,true
262558,"道具交易",0,0,0,0,0,0,0,true
262559,"道具交易",0,0,0,0,0,0,0,true
262560,"敖龙服装交易",0,0,0,0,0,0,0,true
262561,"敖龙服装交易",0,0,0,0,0,0,0,true
262562,"敖龙服装交易",0,0,0,0,0,0,0,true
262564,"工具交易",0,0,0,0,0,0,0,true
262565,"武器交易",0,0,0,0,0,0,0,true
262566,"战斗精英防具交易",0,0,0,0,0,0,0,true
262567,"魔法导师防具交易",0,0,0,0,0,0,0,true
262569,"武器交易",0,0,0,0,0,0,0,true
262570,"工具交易",0,0,0,0,0,0,0,true
262571,"武器交易",0,0,0,0,0,0,0,true
262572,"战斗精英防具交易",0,0,0,0,0,0,0,true
262573,"魔法导师防具交易",0,0,0,0,0,0,0,true
262574,"宠物交易（消耗金币）",0,0,0,0,0,0,0,true
262575,"",0,0,0,0,0,0,0,true
262576,"道具交易（承认）",0,0,6,2,0,0,0,true
262577,"道具交易（友好）",0,0,6,3,0,0,0,true
262578,"道具交易（信赖～名誉）",0,0,6,4,0,0,0,true
262579,"道具交易（信赖～名誉）",0,0,6,5,0,0,0,true
262580,"道具交易（信赖～名誉）",0,0,6,6,0,0,0,true
262581,"道具交易（誓约～血誓）",0,0,6,7,0,0,0,true
262582,"道具交易（誓约～血誓）",0,0,6,8,0,0,0,true
262584,"道具交易",0,0,0,0,0,0,0,true
262585,"道具交易",0,0,0,0,0,0,0,true
262586,"道具交易",0,0,0,0,0,0,0,true
262587,"道具交易",0,0,0,0,0,0,0,true
262588,"道具交易",60412,0,0,0,0,0,0,true
262603,"道具交易（友好）",0,0,7,3,0,0,0,true
262604,"道具交易（信赖）",0,0,7,4,0,0,0,true
262605,"道具交易（尊敬）",0,0,7,5,0,0,0,true
262606,"道具交易（名誉）",0,0,7,6,0,0,0,true
262607,"道具交易（誓约）",0,0,7,7,0,0,0,true
262608,"道具交易（血誓）",0,0,7,8,0,0,0,true
262609,"水壶交易",0,0,0,0,67206,593139,592260,true
262610,"复制元灵武器·觉醒",0,0,0,0,0,0,0,true
262611,"复制新元灵武器",0,0,0,0,0,0,0,true
262612,"道具（消耗金币）",0,0,0,0,65972,0,593234,true
262613,"道具交易（中立）",0,0,8,1,0,0,0,true
262614,"道具交易（承认）",0,0,8,2,0,0,0,true
262615,"道具交易（友好）",0,0,8,3,0,0,0,true
262616,"道具交易（信赖）",0,0,8,4,0,0,0,true
262617,"道具交易（尊敬）",0,0,8,5,0,0,0,true
262618,"道具交易（名誉）",0,0,8,6,0,0,0,true
262619,"道具交易（誓约）",0,0,8,7,0,0,0,true
262620,"道具交易（血誓）",0,0,8,8,0,0,0,true
262621,"工具交易",0,0,0,0,0,0,0,true
262622,"作业防具交易",0,0,0,0,0,0,0,true
262623,"作业防具交易",0,0,0,0,0,0,0,true
262624,"作业饰品交易",0,0,0,0,0,0,0,true
262625,"复制元灵武器·超导",0,0,0,0,67864,0,593415,true
262626,"再次购入季节活动报酬（红莲节1）",0,0,0,0,0,0,0,true
262627,"再次购入季节活动报酬（红莲节2）",0,0,0,0,0,0,0,true
262628,"再次购入季节活动报酬（守护天节）",0,0,0,0,0,0,0,true
262629,"再次购入季节活动报酬（星芒节）",0,0,0,0,0,0,0,true
262630,"再次购入季节活动报酬（降神节）",0,0,0,0,0,0,0,true
262631,"再次购入季节活动报酬（恋人节）",0,0,0,0,0,0,0,true
262632,"再次购入季节活动报酬（女儿节）",0,0,0,0,0,0,0,true
262633,"再次购入季节活动报酬（彩蛋狩猎）",0,0,0,0,0,0,0,true
262634,"再次购入季节活动报酬（其他）",0,0,0,0,0,0,0,true
262635,"道具交易",0,0,0,0,0,0,0,true
262636,"道具交易",0,0,0,0,0,0,0,true
262637,"道具交易",0,0,0,0,0,0,0,true
262638,"道具交易",0,0,0,0,0,0,0,true
262639,"道具交易",0,0,0,0,0,0,0,true
262640,"战斗饰品交易",0,0,0,0,0,0,0,true
262641,"道具交易",0,0,0,0,0,0,0,true
262642,"道具交易",0,0,0,0,0,0,0,true
262643,"道具交易",0,0,0,0,0,0,0,true
262644,"道具交易",0,0,0,0,0,0,0,true
262645,"复制百炼成钢的元灵武器",0,0,0,0,67915,0,593415,true
262646,"季节活动报酬交易",0,0,0,0,0,0,0,true
262647,"季节活动报酬交易",0,0,0,0,0,0,0,true
262648,"道具（消耗金币）",0,0,0,0,0,0,0,true
262649,"道具交易（盟友）",0,67921,0,0,0,0,0,true
262650,"道具交易（盟友）",0,67921,0,0,0,0,0,true
262651,"道具交易（盟友）",0,67921,0,0,0,0,0,true
262652,"复制元灵武器·灵慧",0,67932,0,0,0,0,0,true
262653,"复制真元灵武器",0,67940,0,0,0,0,0,true
262654,"道具交易（室内建材）",0,0,0,0,0,0,0,true
262655,"道具交易（床椅）",0,0,0,0,0,0,0,true
262656,"道具交易（桌台、菜肴）",0,0,0,0,0,0,0,true
262657,"道具交易（柜子、地毯、灯具）",0,0,0,0,0,0,0,true
262658,"道具交易（其他）",0,0,0,0,0,0,0,true
262659,"绘画作品（拉诺西亚）",0,0,0,0,0,0,0,true
262660,"绘画作品（黑衣森林）",0,0,0,0,0,0,0,true
262661,"绘画作品（萨纳兰）",0,0,0,0,0,0,0,true
262662,"绘画作品（库尔札斯、摩杜纳）",0,0,0,0,0,0,0,true
262663,"",0,0,0,0,0,0,0,true
262664,"",0,0,0,0,0,0,0,true
262665,"",0,0,0,0,0,0,0,false
262666,"",0,0,0,0,0,0,0,false
262667,"",0,0,0,0,0,0,0,false
262668,"",0,0,0,0,0,0,0,false
262669,"",0,0,0,0,0,0,0,false
262670,"",0,0,0,0,0,0,0,false
262671,"拉拉菲尔服装交易",0,0,0,0,0,0,0,true
262672,"鲁加服装交易",0,0,0,0,0,0,0,true
262673,"精灵服装交易",0,0,0,0,0,0,0,true
262674,"人族服装交易",0,0,0,0,0,0,0,true
262675,"猫魅服装交易",0,0,0,0,0,0,0,true
262676,"敖龙服装交易",0,0,0,0,0,0,0,true
262677,"再次购入骑士装备",0,0,0,0,0,0,0,true
262678,"再次购入战士装备",0,0,0,0,0,0,0,true
262679,"再次购入暗黑骑士装备",0,0,0,0,0,0,0,true
262680,"再次购入武僧装备",0,0,0,0,0,0,0,true
262681,"再次购入龙骑士装备",0,0,0,0,0,0,0,true
262682,"再次购入忍者装备",0,0,0,0,0,0,0,true
262683,"再次购入吟游诗人装备",0,0,0,0,0,0,0,true
262684,"再次购入机工士装备",0,0,0,0,0,0,0,true
262685,"再次购入黑魔法师装备",0,0,0,0,0,0,0,true
262686,"再次购入召唤师装备",0,0,0,0,0,0,0,true
262687,"再次购入白魔法师装备",0,0,0,0,0,0,0,true
262688,"再次购入学者装备",0,0,0,0,0,0,0,true
262689,"再次购入占星术士装备",0,0,0,0,0,0,0,true
262690,"道具交易（庭具、乐谱）",0,0,0,0,0,0,0,true
262691,"道具交易",0,0,0,0,0,0,0,true
262692,"道具交易",0,66754,0,0,0,0,0,true
262693,"道具交易",0,66789,0,0,0,0,0,true
262694,"道具交易",0,66857,0,0,0,0,0,true
262695,"道具交易",0,66911,0,0,0,0,0,true
262696,"道具交易",0,67023,0,0,0,0,0,true
262697,"道具交易",0,67701,0,0,0,0,0,true
262698,"道具交易",0,67791,0,0,0,0,0,true
262699,"道具交易",0,67856,0,0,0,0,0,true
262700,"防具交易（1～9级）",0,0,0,0,0,0,0,true
262701,"防具交易（10～19级）",0,0,0,0,0,0,0,true
262702,"防具交易（20～29级）",0,0,0,0,0,0,0,true
262703,"防具交易（30～39级）",0,0,0,0,0,0,0,true
262704,"防具交易（40～49级）",0,0,0,0,0,0,0,true
262705,"防具交易（1～9级）",0,0,0,0,0,0,0,true
262706,"防具交易（10～19级）",0,0,0,0,0,0,0,true
262707,"防具交易（20～29级）",0,0,0,0,0,0,0,true
262708,"防具交易（30～39级）",0,0,0,0,0,0,0,true
262709,"防具交易（40～49级）",0,0,0,0,0,0,0,true
262710,"防具交易（1～9级）",0,0,0,0,0,0,0,true
262711,"防具交易（10～19级）",0,0,0,0,0,0,0,true
262712,"防具交易（20～29级）",0,0,0,0,0,0,0,true
262713,"防具交易（30～39级）",0,0,0,0,0,0,0,true
262714,"防具交易（40～49级）",0,0,0,0,0,0,0,true
262715,"武器交易（1～9级）",0,0,0,0,0,0,0,true
262716,"武器交易（10～19级）",0,0,0,0,0,0,0,true
262717,"武器交易（20～29级）",0,0,0,0,0,0,0,true
262718,"武器交易（30～39级）",0,0,0,0,0,0,0,true
262719,"武器交易（40～49级）",0,0,0,0,0,0,0,true
262720,"武器交易（1～9级）",0,0,0,0,0,0,0,true
262721,"武器交易（10～19级）",0,0,0,0,0,0,0,true
262722,"武器交易（20～29级）",0,0,0,0,0,0,0,true
262723,"武器交易（30～39级）",0,0,0,0,0,0,0,true
262724,"武器交易（40～49级）",0,0,0,0,0,0,0,true
262725,"工具交易（1～9级）",0,0,0,0,0,0,0,true
262726,"工具交易（10～19级）",0,0,0,0,0,0,0,true
262727,"工具交易（20～29级）",0,0,0,0,0,0,0,true
262728,"工具交易（30～39级）",0,0,0,0,0,0,0,true
262729,"工具交易（40～49级）",0,0,0,0,0,0,0,true
262730,"工具交易（1～9级）",0,0,0,0,0,0,0,true
262731,"工具交易（10～19级）",0,0,0,0,0,0,0,true
262732,"工具交易（20～29级）",0,0,0,0,0,0,0,true
262733,"工具交易（30～39级）",0,0,0,0,0,0,0,true
262734,"工具交易（40～49级）",0,0,0,0,0,0,0,true
262735,"战斗职业饰品交易",0,0,0,0,0,0,0,true
262736,"制作采集职业饰品交易",0,0,0,0,0,0,0,true
262737,"防具交易（50级）",0,0,0,0,0,0,0,true
262738,"防具交易（52级）",0,0,0,0,0,0,0,true
262739,"防具交易（54级）",0,0,0,0,0,0,0,true
262740,"防具交易（56级）",0,0,0,0,0,0,0,true
262741,"防具交易（58级）",0,0,0,0,0,0,0,true
262743,"防具交易（50级）",0,0,0,0,0,0,0,true
262744,"防具交易（52级）",0,0,0,0,0,0,0,true
262745,"防具交易（54级）",0,0,0,0,0,0,0,true
262746,"防具交易（56级）",0,0,0,0,0,0,0,true
262747,"防具交易（58级）",0,0,0,0,0,0,0,true
262749,"防具交易（50～60级）",0,0,0,0,0,0,0,true
262750,"防具交易（50级）",0,0,0,0,0,0,0,true
262751,"防具交易（52级）",0,0,0,0,0,0,0,true
262752,"防具交易（54级）",0,0,0,0,0,0,0,true
262753,"防具交易（56级）",0,0,0,0,0,0,0,true
262754,"防具交易（58级）",0,0,0,0,0,0,0,true
262756,"武器交易（50级）",0,0,0,0,0,0,0,true
262757,"武器交易（52级）",0,0,0,0,0,0,0,true
262758,"武器交易（54级）",0,0,0,0,0,0,0,true
262759,"武器交易（56级）",0,0,0,0,0,0,0,true
262760,"武器交易（58级）",0,0,0,0,0,0,0,true
262762,"道具交易（50～60级）",0,0,0,0,0,0,0,true
262763,"道具交易（50～60级）",0,0,0,0,0,0,0,true
262764,"战斗职业饰品交易",0,0,0,0,0,0,0,true
262765,"制作采集职业饰品交易",0,0,0,0,0,0,0,true
262766,"道具交易",0,0,0,0,0,0,0,true
262767,"道具交易",0,0,0,0,0,0,0,true
262768,"道具交易",0,0,0,0,0,0,0,true
262769,"道具交易",0,0,0,0,0,0,0,true
262770,"道具交易",0,0,0,0,0,0,0,true
262771,"道具交易",0,0,0,0,0,0,0,true
262772,"道具交易",0,0,0,0,0,0,0,true
262773,"道具交易",0,0,0,0,0,0,0,true
262774,"道具交易",0,0,0,0,0,0,0,true
262775,"道具交易",0,0,0,0,0,0,0,true
262776,"道具交易",0,0,0,0,0,0,0,true
262777,"道具交易",0,0,0,0,0,0,0,true
262778,"道具交易",0,0,0,0,0,0,0,true
262779,"道具交易",0,0,0,0,0,0,0,true
262780,"道具交易",0,0,0,0,0,0,0,true
262781,"道具交易",0,0,0,0,0,0,0,true
262782,"道具交易",0,0,0,0,0,0,0,true
262783,"道具交易",0,0,0,0,0,0,0,true
262784,"道具交易",0,0,0,0,0,0,0,true
262785,"道具交易",0,0,0,0,0,0,0,true
262786,"道具交易",0,0,0,0,0,0,0,true
262787,"道具交易",0,0,0,0,0,0,0,true
262788,"道具交易",0,0,0,0,0,0,0,true
262789,"道具交易",0,0,0,0,0,0,0,true
262790,"道具交易",0,0,0,0,0,0,0,true
262791,"道具交易",0,0,0,0,0,0,0,true
262792,"道具交易",0,0,0,0,0,0,0,true
262793,"道具交易",0,0,0,0,0,0,0,true
262794,"道具交易",0,0,0,0,0,0,0,true
262795,"道具交易",0,0,0,0,0,0,0,true
262796,"道具交易",0,0,0,0,0,0,0,true
262797,"道具交易",0,0,0,0,0,0,0,true
262798,"道具交易",0,0,0,0,0,0,0,true
262799,"道具交易",0,0,0,0,0,0,0,true
262800,"道具交易",0,0,0,0,0,0,0,true
262801,"道具交易",0,0,0,0,0,0,0,true
262802,"道具交易",0,0,0,0,0,0,0,true
262803,"道具交易",0,0,0,0,0,0,0,true
262804,"道具交易",0,0,0,0,0,0,0,true
262805,"道具交易",0,0,0,0,0,0,0,true
262806,"道具交易",0,0,0,0,0,0,0,true
262807,"道具交易",0,0,0,0,0,0,0,true
262808,"道具交易",0,0,0,0,0,0,0,true
262809,"道具交易",0,0,0,0,0,0,0,true
262810,"道具交易",0,0,0,0,0,0,0,true
262811,"道具交易",0,0,0,0,0,0,0,true
262813,"道具交易",0,0,0,0,0,0,0,true
262814,"道具交易",0,0,0,0,0,0,0,true
262817,"道具交易",0,0,0,0,0,0,0,true
262818,"道具交易",0,0,0,0,0,0,0,true
262819,"道具交易",0,0,0,0,0,0,0,true
262820,"防具交易（60级）",0,0,0,0,0,0,0,true
262821,"战斗精英防具交易",0,0,0,0,0,0,0,true
262822,"战斗精英防具交易",0,0,0,0,0,0,0,true
262823,"战斗精英防具交易",0,0,0,0,0,0,0,true
262824,"战斗精英防具交易",0,0,0,0,0,0,0,true
262825,"战斗精英防具交易",0,0,0,0,0,0,0,true
262826,"",0,0,0,0,0,0,0,false
262827,"防具交易（60级）",0,0,0,0,0,0,0,true
262828,"魔法导师防具交易",0,0,0,0,0,0,0,true
262829,"魔法导师防具交易",0,0,0,0,0,0,0,true
262830,"魔法导师防具交易",0,0,0,0,0,0,0,true
262831,"魔法导师防具交易",0,0,0,0,0,0,0,true
262832,"魔法导师防具交易",0,0,0,0,0,0,0,true
262833,"",0,0,0,0,0,0,0,false
262834,"能工巧匠防具交易",0,0,0,0,0,0,0,true
262835,"武器交易（60级）",0,0,0,0,0,0,0,true
262836,"武器交易",0,0,0,0,0,0,0,true
262837,"武器交易",0,0,0,0,0,0,0,true
262838,"武器交易",0,0,0,0,0,0,0,true
262839,"武器交易",0,0,0,0,0,0,0,true
262840,"武器交易",0,0,0,0,0,0,0,true
262841,"",0,0,0,0,0,0,0,false
262842,"武器交易（60级）",0,0,0,0,0,0,0,true
262843,"大地使者防具交易",0,0,0,0,0,0,0,true
262844,"能工巧匠工具交易（主工具）",0,0,0,0,0,0,0,true
262845,"能工巧匠工具交易（副工具）",0,0,0,0,0,0,0,true
262846,"大地使者工具交易",0,0,0,0,0,0,0,true
262847,"战斗职业饰品交易",0,0,0,0,0,0,0,true
262848,"战斗职业饰品交易",0,0,0,0,0,0,0,true
262849,"战斗职业饰品交易",0,0,0,0,0,0,0,true
262850,"战斗职业饰品交易",0,0,0,0,0,0,0,true
262851,"战斗职业饰品交易",0,0,0,0,0,0,0,true
262852,"工具交易",0,0,0,0,0,0,0,true
262853,"工具交易",0,0,0,0,0,0,0,true
262854,"工具交易",0,0,0,0,0,0,0,true
262855,"工具交易",0,0,0,0,0,0,0,true
262856,"制作采集职业防具交易",0,0,0,0,0,0,0,true
262857,"制作采集职业防具交易",0,0,0,0,0,0,0,true
262858,"制作采集职业防具交易",0,0,0,0,0,0,0,true
262859,"制作采集职业防具交易",0,0,0,0,0,0,0,true
262860,"制作采集职业防具交易",0,0,0,0,0,0,0,true
262861,"道具交易",0,0,0,0,0,0,0,true
262862,"道具交易",0,0,0,0,0,0,0,true
262863,"道具交易",0,0,0,0,0,0,0,true
262864,"道具交易",0,0,0,0,0,0,0,true
262865,"道具交易",0,0,0,0,0,0,0,true
262866,"道具交易",0,0,0,0,0,0,0,true
262867,"道具交易",0,0,0,0,0,0,0,true
262868,"道具交易",0,0,0,0,0,0,0,true
262869,"道具交易",0,0,0,0,0,0,0,true
262870,"道具交易",0,0,0,0,0,0,0,true
262871,"道具交易",0,0,0,0,0,0,0,true
262872,"道具交易",0,0,0,0,0,0,0,true
262873,"道具交易",0,0,0,0,0,0,0,true
262874,"道具交易",0,0,0,0,0,0,0,true
262875,"道具交易",0,0,0,0,0,0,0,true
262876,"道具交易",0,0,0,0,0,0,0,true
262877,"道具交易",0,0,0,0,0,0,0,true
262878,"道具交易",0,0,0,0,0,0,0,true
262879,"道具交易",0,0,0,0,0,0,0,true
262880,"道具交易",0,0,0,0,0,0,0,true
262881,"道具交易",0,0,0,0,0,0,0,true
262882,"道具交易",0,0,0,0,0,0,0,true
262883,"道具交易",0,0,0,0,0,0,0,true
262884,"道具交易",0,0,0,0,0,0,0,true
262885,"道具交易",0,0,0,0,0,0,0,true
262886,"道具交易",0,0,0,0,0,0,0,true
262887,"道具交易",0,0,0,0,0,0,0,true
262888,"道具交易",0,0,0,0,0,0,0,true
262889,"道具交易",0,0,0,0,0,0,0,true
262890,"道具交易",0,0,0,0,0,0,0,true
262891,"道具交易",0,0,0,0,0,0,0,true
262892,"绘画作品（基拉巴尼亚）",0,68456,0,0,0,0,0,true
262893,"绘画作品（奥萨德）",0,68456,0,0,0,0,0,true
262894,"季节活动报酬交易",0,0,0,0,0,0,0,true
262895,"季节活动报酬交易",0,0,0,0,0,0,0,true
262896,"再次购入70级武器",0,0,0,0,0,0,0,true
262897,"再次购入70级防具（战斗精英1）",0,0,0,0,0,0,0,true
262898,"再次购入70级防具（战斗精英2）",0,0,0,0,0,0,0,true
262899,"再次购入70级防具（魔法导师）",0,0,0,0,0,0,0,true
262900,"",0,0,0,0,0,0,0,false
262901,"",0,0,0,0,0,0,0,false
262902,"",0,0,0,0,0,0,0,false
262903,"",0,0,0,0,0,0,0,false
262904,"",0,0,0,0,0,0,0,false
262905,"",0,0,0,0,0,0,0,false
262906,"",0,0,0,0,0,0,0,false
262907,"",0,0,0,0,0,0,0,false
262908,"",0,0,0,0,0,0,0,false
262909,"",0,0,0,0,0,0,0,false
262910,"",0,0,0,0,0,0,0,false
