Index,0 [STRING] [0x0]
0,""
1,"music/ffxiv/Orchestrion/BGM_ORCH_001.scd"
2,"music/ffxiv/Orchestrion/BGM_ORCH_002.scd"
3,"music/ffxiv/Orchestrion/BGM_ORCH_003.scd"
4,"music/ffxiv/Orchestrion/BGM_ORCH_004.scd"
5,"music/ffxiv/Orchestrion/BGM_ORCH_005.scd"
6,"music/ffxiv/Orchestrion/BGM_ORCH_006.scd"
7,"music/ffxiv/Orchestrion/BGM_ORCH_007.scd"
8,"music/ffxiv/Orchestrion/BGM_ORCH_008.scd"
9,"music/ffxiv/Orchestrion/BGM_ORCH_009.scd"
10,"music/ffxiv/Orchestrion/BGM_ORCH_010.scd"
11,"music/ffxiv/Orchestrion/BGM_ORCH_011.scd"
12,"music/ffxiv/Orchestrion/BGM_ORCH_012.scd"
13,"music/ffxiv/Orchestrion/BGM_ORCH_013.scd"
14,"music/ffxiv/Orchestrion/BGM_ORCH_014.scd"
15,"music/ffxiv/Orchestrion/BGM_ORCH_015.scd"
16,"music/ffxiv/Orchestrion/BGM_ORCH_016.scd"
17,"music/ffxiv/Orchestrion/BGM_ORCH_017.scd"
18,"music/ffxiv/Orchestrion/BGM_ORCH_018.scd"
19,"music/ffxiv/Orchestrion/BGM_ORCH_019.scd"
20,"music/ffxiv/Orchestrion/BGM_ORCH_020.scd"
21,"music/ffxiv/Orchestrion/BGM_ORCH_021.scd"
22,"music/ffxiv/Orchestrion/BGM_ORCH_022.scd"
23,"music/ffxiv/Orchestrion/BGM_ORCH_023.scd"
24,"music/ffxiv/Orchestrion/BGM_ORCH_024.scd"
25,"music/ffxiv/Orchestrion/BGM_ORCH_025.scd"
26,"music/ffxiv/Orchestrion/BGM_ORCH_026.scd"
27,"music/ffxiv/Orchestrion/BGM_ORCH_027.scd"
28,"music/ffxiv/Orchestrion/BGM_ORCH_028.scd"
29,"music/ffxiv/Orchestrion/BGM_ORCH_029.scd"
30,"music/ffxiv/Orchestrion/BGM_ORCH_030.scd"
31,"music/ffxiv/Orchestrion/BGM_ORCH_031.scd"
32,"music/ffxiv/Orchestrion/BGM_ORCH_032.scd"
33,"music/ffxiv/Orchestrion/BGM_ORCH_033.scd"
34,"music/ffxiv/Orchestrion/BGM_ORCH_034.scd"
35,"music/ffxiv/Orchestrion/BGM_ORCH_035.scd"
36,"music/ffxiv/Orchestrion/BGM_ORCH_036.scd"
37,"music/ffxiv/Orchestrion/BGM_ORCH_037.scd"
38,"music/ffxiv/Orchestrion/BGM_ORCH_038.scd"
39,"music/ffxiv/Orchestrion/BGM_ORCH_039.scd"
40,"music/ffxiv/Orchestrion/BGM_ORCH_040.scd"
41,"music/ffxiv/Orchestrion/BGM_ORCH_041.scd"
42,"music/ffxiv/Orchestrion/BGM_ORCH_042.scd"
43,"music/ffxiv/Orchestrion/BGM_ORCH_043.scd"
44,"music/ffxiv/Orchestrion/BGM_ORCH_044.scd"
45,"music/ffxiv/Orchestrion/BGM_ORCH_045.scd"
46,"music/ffxiv/Orchestrion/BGM_ORCH_046.scd"
47,"music/ffxiv/Orchestrion/BGM_ORCH_047.scd"
48,"music/ffxiv/Orchestrion/BGM_ORCH_048.scd"
49,"music/ffxiv/Orchestrion/BGM_ORCH_049.scd"
50,"music/ffxiv/Orchestrion/BGM_ORCH_050.scd"
51,"music/ffxiv/Orchestrion/BGM_ORCH_051.scd"
52,"music/ffxiv/Orchestrion/BGM_ORCH_052.scd"
53,"music/ffxiv/Orchestrion/BGM_ORCH_053.scd"
54,"music/ffxiv/Orchestrion/BGM_ORCH_054.scd"
55,"music/ffxiv/Orchestrion/BGM_ORCH_055.scd"
56,"music/ffxiv/Orchestrion/BGM_ORCH_056.scd"
57,"music/ffxiv/Orchestrion/BGM_ORCH_057.scd"
58,"music/ffxiv/Orchestrion/BGM_ORCH_058.scd"
59,"music/ffxiv/Orchestrion/BGM_ORCH_059.scd"
60,"music/ffxiv/Orchestrion/BGM_ORCH_060.scd"
61,"music/ffxiv/Orchestrion/BGM_ORCH_061.scd"
62,"music/ffxiv/Orchestrion/BGM_ORCH_062.scd"
63,"music/ffxiv/Orchestrion/BGM_ORCH_063.scd"
64,"music/ffxiv/Orchestrion/BGM_ORCH_064.scd"
65,"music/ffxiv/Orchestrion/BGM_ORCH_065.scd"
66,"music/ffxiv/Orchestrion/BGM_ORCH_066.scd"
67,"music/ffxiv/Orchestrion/BGM_ORCH_067.scd"
68,"music/ffxiv/Orchestrion/BGM_ORCH_068.scd"
69,"music/ffxiv/Orchestrion/BGM_ORCH_069.scd"
70,"music/ffxiv/Orchestrion/BGM_ORCH_070.scd"
71,"music/ffxiv/Orchestrion/BGM_ORCH_071.scd"
72,"music/ffxiv/Orchestrion/BGM_ORCH_072.scd"
73,"music/ffxiv/Orchestrion/BGM_ORCH_073.scd"
74,"music/ffxiv/Orchestrion/BGM_ORCH_074.scd"
75,"music/ffxiv/Orchestrion/BGM_ORCH_075.scd"
76,"music/ffxiv/Orchestrion/BGM_ORCH_076.scd"
77,"music/ffxiv/Orchestrion/BGM_ORCH_077.scd"
78,"music/ffxiv/Orchestrion/BGM_ORCH_078.scd"
79,"music/ffxiv/Orchestrion/BGM_ORCH_079.scd"
80,"music/ffxiv/Orchestrion/BGM_ORCH_089.scd"
81,"music/ffxiv/Orchestrion/BGM_ORCH_090.scd"
82,"music/ffxiv/Orchestrion/BGM_ORCH_091.scd"
83,"music/ffxiv/Orchestrion/BGM_ORCH_092.scd"
84,"music/ffxiv/Orchestrion/BGM_ORCH_093.scd"
85,"music/ffxiv/Orchestrion/BGM_ORCH_094.scd"
86,"music/ffxiv/Orchestrion/BGM_ORCH_095.scd"
87,"music/ffxiv/Orchestrion/BGM_ORCH_096.scd"
88,"music/ffxiv/Orchestrion/BGM_ORCH_097.scd"
89,"music/ffxiv/Orchestrion/BGM_ORCH_098.scd"
90,"music/ffxiv/Orchestrion/BGM_ORCH_099.scd"
91,"music/ffxiv/Orchestrion/BGM_ORCH_100.scd"
92,"music/ffxiv/Orchestrion/BGM_ORCH_101.scd"
93,"music/ffxiv/Orchestrion/BGM_ORCH_102.scd"
94,"music/ffxiv/Orchestrion/BGM_ORCH_103.scd"
95,"music/ffxiv/Orchestrion/BGM_ORCH_104.scd"
96,"music/ffxiv/Orchestrion/BGM_ORCH_105.scd"
97,"music/ffxiv/Orchestrion/BGM_ORCH_106.scd"
98,"music/ffxiv/Orchestrion/BGM_ORCH_107.scd"
99,"music/ffxiv/Orchestrion/BGM_ORCH_108.scd"
100,"music/ffxiv/Orchestrion/BGM_ORCH_109.scd"
101,"music/ffxiv/Orchestrion/BGM_ORCH_110.scd"
102,"music/ffxiv/Orchestrion/BGM_ORCH_111.scd"
103,"music/ffxiv/Orchestrion/BGM_ORCH_112.scd"
104,"music/ffxiv/Orchestrion/BGM_ORCH_113.scd"
105,"music/ffxiv/Orchestrion/BGM_ORCH_114.scd"
106,"music/ffxiv/Orchestrion/BGM_ORCH_115.scd"
107,"music/ffxiv/Orchestrion/BGM_ORCH_116.scd"
108,"music/ffxiv/Orchestrion/BGM_ORCH_117.scd"
109,"music/ffxiv/Orchestrion/BGM_ORCH_118.scd"
110,"music/ffxiv/Orchestrion/BGM_ORCH_119.scd"
111,"music/ffxiv/Orchestrion/BGM_ORCH_120.scd"
112,"music/ffxiv/Orchestrion/BGM_ORCH_121.scd"
113,"music/ffxiv/Orchestrion/BGM_ORCH_122.scd"
114,"music/ffxiv/Orchestrion/BGM_ORCH_123.scd"
115,"music/ffxiv/Orchestrion/BGM_ORCH_124.scd"
116,""
117,""
118,""
119,""
